<?xml version="1.0"?>
<object name="NewsletterTopic" meta_type="Factory-based Type Information"
   xmlns:i18n="http://xml.zope.org/namespaces/i18n">
 <property name="title"></property>
 <property name="description"></property>
 <property name="content_icon">NewsletterTopic.gif</property>
 <property name="content_meta_type">NewsletterTopic</property>
 <property name="product">PloneGazette</property>
 <property name="factory">addNewsletterTopic</property>
 <property name="immediate_view">NewsletterTopic_view</property>
 <property name="global_allow">False</property>
 <property name="filter_content_types">False</property>
 <property name="allowed_content_types"/>
 <property name="allow_discussion">False</property>
 <action title="View" action_id="view" category="object" condition_expr=""
    url_expr="string:${object_url}/NewsletterTopic_view" visible="True">
  <permission value="View"/>
 </action>
 <action title="Edit" action_id="edit" category="object" condition_expr=""
    url_expr="string:${object_url}/NewsletterTopic_editForm" visible="True">
  <permission value="Modify portal content"/>
 </action>
</object>
