<?xml version="1.0"?>
<object name="portal_types" meta_type="Plone Types Tool">
 <property
    name="title">Controls the available content types in your portal</property>
 <object name="Newsletter" meta_type="Factory-based Type Information"/>
 <object name="NewsletterBTree" meta_type="Factory-based Type Information"/>
 <object name="NewsletterReference"
    meta_type="Factory-based Type Information"/>
 <object name="NewsletterRichReference"
    meta_type="Factory-based Type Information"/>
 <object name="NewsletterTheme" meta_type="Factory-based Type Information"/>
 <object name="NewsletterTopic" meta_type="Factory-based Type Information"/>
 <object name="Section" meta_type="Factory-based Type Information"/>
 <object name="Subscriber" meta_type="Factory-based Type Information"/>
</object>
